Ordem Carga;Nº Nota;Logística Ent.;Cliente;CNPJ;Cidade.;U.F;Vlr. Nota;Dt. Conf.;Faturamento;Data Chegada Opl.;Data Agendamento;Obs. Logística
2683;9526;SEMALO FILIAL PR;SENDAS-LJ 162 LOND-SAUL CONJ.VIVI XAVIER;06057223034904;LONDRINA;PR;13584.64;07/08/2026 16:56:15;2026-08-11 00:00:00;;;
2695;9543;;SOPHIA SUPERMERCADOS CD;16628020000575;MARINGA;PR;6086.1;11/08/2026 07:34:03;2026-08-12 00:00:00;;;
2685;9524;SEMALO FILIAL PR;SENDAS-LJ215 MARIN SEMIN GLEBA PATRIMONI;06057223045353;MARINGA;PR;15685.35;07/08/2026 16:56:37;2026-08-11 00:00:00;;;
2687;9522;SEMALO FILIAL PR;SENDAS -LJ 229 CURITIBA-ATUBA;06057223047488;CURITIBA;PR;23978.87;07/08/2026 16:56:48;2026-08-11 00:00:00;;;
2692;9540;;MINIMERCADO OLIVEIRA;18621636000116;PARANAGUA;PR;610.05;07/08/2026 17:08:37;2026-08-12 00:00:00;;;
2692;9541;;VALDEIR DIAS FERREIRA - MELHOR DE MINAS;40826751000186;MATINHOS;PR;1720;11/08/2026 08:43:07;2026-08-12 00:00:00;;;
2692;9542;;VALDEIR DIAS FERREIRA - MELHOR DE MINAS;40826751000186;MATINHOS;PR;5661.49;07/08/2026 09:46:26;2026-08-12 00:00:00;;;
2671;9444;CARRARO ARMAZENS GERAIS LTDA;SUP. COPACOL - LOJA FORMOSA;76093731002568;FORMOSA DO OESTE;PR;1130.39;31/07/2026 13:46:07;2026-07-31 00:00:00;;;SAIDA PARA ENTREGA NA CIDADE DE FORMOSA DO OESTE
2671;9446;CARRARO ARMAZENS GERAIS LTDA;IRMAOS MUFFATO S.A;76430438015012;FOZ DO IGUAÇU;PR;3566.72;31/07/2026 18:15:26;2026-07-31 00:00:00;;;STATUS - AGUARDANDO AGENDAMENTO DO CLIENTE
2671;9445;CARRARO ARMAZENS GERAIS LTDA;IRMAOS MUFFATO S.A;76430438015527;GUAÍRA;PR;6208.33;31/07/2026 18:12:00;2026-07-31 00:00:00;;;Solicitando antecipação de agenda.
2684;9525;SEMALO FILIAL PR;SENDAS -LJ 79 MARINGÁ- PARQUE INDUSTRIAL;06057223027452;MARINGA;PR;41119.37;07/08/2026 17:35:54;2026-08-11 00:00:00;;;
2670;9484;CARRARO ARMAZENS GERAIS LTDA;SUPERMERCADO PASCHOAL;80710130000157;QUARTO CENTENARIO;PR;2904.26;30/07/2026 17:12:58;2026-07-31 00:00:00;2026-08-05 00:00:00;;
2670;9485;CARRARO ARMAZENS GERAIS LTDA;SUPERMERCADO CASA VENCEDORA LTDA;75900183000109;UBIRATÃ;PR;1251.28;30/07/2026 18:12:13;2026-07-31 00:00:00;2026-08-05 00:00:00;;STATUS - AGUARDANDO AGENDAMENTO DO CLIENTE
2673;9486;CARRARO ARMAZENS GERAIS LTDA;SUP. COPACOL - LOJA GOIOERE;76093731002800;GOIOERÊ;PR;586.35;31/07/2026 13:46:13;2026-07-31 00:00:00;2026-08-06 00:00:00;;
2681;9528;SEMALO FILIAL PR;SENDAS - LJ 99 CURITIBA- PINHEIRINHO;06057223036796;CURITIBA;PR;20780.28;07/08/2026 16:56:05;2026-08-11 00:00:00;;;
2690;9536;SEMALO FILIAL PR;SENDAS LJ 314 FOZ DO IGUAÇU-MONJOLO;06057223054778;FOZ DO IGUAÇU;PR;21706.7;07/08/2026 16:55:27;2026-08-11 00:00:00;;;
2670;9454;CARRARO ARMAZENS GERAIS LTDA;SUP. COPACOL - LOJA JESUITAS;76093731006040;JESUITAS;PR;722.36;31/07/2026 13:46:05;2026-07-31 00:00:00;2026-08-05 00:00:00;;STATUS - SAIDA PARA ENTREGA NA CIDADE DE JESUITAS
2680;9516;TRANSPORTADORA J. LOBO LTDA;J. SOUZA ALIMENTICIOS LTDA;43765795000131;CASCAVEL;PR;32469.3;04/08/2026 13:55:19;2026-08-06 00:00:00;2026-08-06 00:00:00;;Cobrei atualização no grupo. Não tem info no ssw deles
2696;9544;;CHAPADA COMERCIO DE ALIMENTOS LTDA;79578068000102;PONTA GROSSA;PR;5894.59;11/08/2026 17:31:39;2026-08-12 00:00:00;;;
2696;9545;;GUAPO DISTRIBUIDORA LTDA;01218000000125;PALMEIRA;PR;3978.59;10/08/2026 10:17:26;2026-08-12 00:00:00;;;
2686;9523;SEMALO FILIAL PR;SENDAS-LJ 71 LOND-TIRADENTES-JD ROSICLER;06057223024780;LONDRINA;PR;19915.13;07/08/2026 16:54:49;2026-08-11 00:00:00;;;
2694;9530;SEMALO FILIAL SC;CENTER AVENIDA;79863890001197;PATO BRANCO;PR;3274.67;10/08/2026 10:17:33;2026-08-11 00:00:00;2026-08-12 00:00:00;;
2694;9531;SEMALO FILIAL SC;CENTER BAIXADA;79863890000549;PATO BRANCO;PR;3505.71;10/08/2026 10:17:21;2026-08-11 00:00:00;2026-08-12 00:00:00;;
2694;9535;SEMALO FILIAL SC;CENTER SUL;79863890001278;PATO BRANCO;PR;2641.04;10/08/2026 10:17:36;2026-08-11 00:00:00;2026-08-12 00:00:00;;
2694;9533;SEMALO FILIAL SC;CENTER COMPRÃO;79863890000972;PATO BRANCO;PR;3187.53;10/08/2026 10:17:30;2026-08-11 00:00:00;2026-08-12 00:00:00;;
2694;9532;SEMALO FILIAL SC;CENTER CENTRO;79863890000468;PATO BRANCO;PR;4136.52;10/08/2026 10:17:44;2026-08-11 00:00:00;2026-08-12 00:00:00;;
2694;9534;SEMALO FILIAL SC;CENTER NORTE;79863890000115;PATO BRANCO;PR;4043.31;10/08/2026 10:17:40;2026-08-11 00:00:00;2026-08-12 00:00:00;;
2679;9506;;SEMALO FILIAL SC;36804268001103;ITAJAI;SC;39361.5;04/08/2026 16:34:32;2026-08-05 00:00:00;;;
2693;9537;TRANSPORTADORA J. LOBO LTDA;COMERCIAL DE SECOS E MOLHADOS DAL POZZO;80213705000126;GUARAPUAVA;PR;1718.6;10/08/2026 10:16:41;2026-08-11 00:00:00;2026-08-11 00:00:00;;
2693;9538;TRANSPORTADORA J. LOBO LTDA;COMERCIAL FAYAD;11381758000133;FOZ DO IGUAÇU;PR;27731.19;07/08/2026 08:46:31;2026-08-11 00:00:00;2026-08-11 00:00:00;;
2693;9539;TRANSPORTADORA J. LOBO LTDA;MALU IND E COM DE ALIMENTOS LTDA;48710902000148;APUCARANA;PR;6665.22;06/08/2026 09:44:32;2026-08-11 00:00:00;2026-08-11 00:00:00;;
2653;9382;CARRARO ARMAZENS GERAIS LTDA;SUPERMERCADO SARTORI;19065775000335;STA CRUZ MONTE CAST;PR;1568.99;30/07/2026 17:12:10;2026-07-31 00:00:00;;23/07/2026 00:00:00;
2640;9361;TRANSPORTADORA J. LOBO LTDA;KELLY CRISTIANE PRATES CANGUCU;18521613000130;SABÁUDIA;PR;1694.95;24/07/2026 11:06:03;2026-07-24 00:00:00;;31/07/2026 00:00:00;ENTREGUE, PENDENTE CANHOTO
2640;9353;TRANSPORTADORA J. LOBO LTDA;LOJAS G - JD. BELVAL - BARUERI;07732518000835;MARINGA;PR;1169.14;23/07/2026 17:18:08;2026-07-24 00:00:00;;04/08/2026 00:00:00;OPL NO AGUARDO DO RETORNO DAS BASES
2642;9366;TRANSPORTADORA J. LOBO LTDA;LOJAS G;07732518001300;UMUARAMA;PR;9962.62;24/07/2026 16:18:32;2026-07-27 00:00:00;;05/08/2026 00:00:00;OPL NO AGUARDO DO RETORNO DAS BASES
2640;9360;TRANSPORTADORA J. LOBO LTDA;CIA PARANA DE ALIMENTOS S/A;76260017000492;CAMPO MOURAO;PR;9628.88;23/07/2026 17:16:48;2026-07-24 00:00:00;;05/08/2026 00:00:00;OPL NO AGUARDO DO RETORNO DAS BASES
2640;9351;TRANSPORTADORA J. LOBO LTDA;ZANTARA UTIL DOMESTICAS E PRES. LTDA;07732518000673;CIANORTE;PR;1497.52;23/07/2026 17:17:59;2026-07-24 00:00:00;;05/08/2026 00:00:00;OPL NO AGUARDO DO RETORNO DAS BASES
2675;9432;TRANSPORTADORA J. LOBO LTDA;IRMAOS MUFFATO CIA LTDA;76430438008903;PINHAIS;PR;8242.07;31/07/2026 18:12:56;2026-07-31 00:00:00;;06/08/2026 00:00:00;Confirmado no portal. Enviado comprovante ao OPL
2666;9385;SEMALO FILIAL PR;ATACADAO-PONTA GROSSA-VISCONDE DE TAUNAY;75315333013510;PONTA GROSSA;PR;25409.63;31/07/2026 13:56:29;2026-07-31 00:00:00;;10/08/2026 00:00:00;Aguardando reagenda
2664;9387;SEMALO FILIAL PR;ATACADAO-CURITIBA -PRES ARTHUR DA SILVA;93209765048152;CURITIBA;PR;19559.14;31/07/2026 13:48:55;2026-07-31 00:00:00;;11/08/2026 00:00:00;
2673;9495;CARRARO ARMAZENS GERAIS LTDA;MUFFATO - MARINGÁ - LOJA 65;76430438006536;MARINGA;PR;9437.06;31/07/2026 18:05:53;2026-07-31 00:00:00;2026-08-06 00:00:00;11/08/2026 00:00:00;
2673;9493;CARRARO ARMAZENS GERAIS LTDA;IRMAOS MUFFATO S.A;76430438015608;SARANDI;PR;3016.13;31/07/2026 18:06:54;2026-07-31 00:00:00;2026-08-06 00:00:00;11/08/2026 00:00:00;
2670;9463;CARRARO ARMAZENS GERAIS LTDA;MUFFATO E CIA LTDA-CASCAVEL LOJA 57;76430438005726;CASCAVEL;PR;2724.88;31/07/2026 18:13:34;2026-07-31 00:00:00;2026-08-05 00:00:00;11/08/2026 00:00:00;
2673;9488;CARRARO ARMAZENS GERAIS LTDA;ATACADAO S.A MARINGÁ-CRISTOVAO COLOMBO;75315333022773;MARINGA;PR;7795.9;31/07/2026 13:55:07;2026-07-31 00:00:00;2026-08-06 00:00:00;11/08/2026 00:00:00;Formalizado por e-mail no OPL
2675;9433;TRANSPORTADORA J. LOBO LTDA;IRMAOS MUFFATO S.A;76430438014555;CURITIBA;PR;3515.13;31/07/2026 18:08:17;2026-07-31 00:00:00;;11/08/2026 00:00:00;ENTREGUE, PENDENTE CANHOTO
2672;9467;CARRARO ARMAZENS GERAIS LTDA;ATACADAO S.A CAMBE-JARDIM UNIAO;75315333025870;CAMBÉ;PR;2756.43;31/07/2026 13:55:10;2026-07-31 00:00:00;;11/08/2026 00:00:00;Formalizado por e-mail no OPL
2673;9494;CARRARO ARMAZENS GERAIS LTDA;IRMAOS MUFFATO S.A;76430438015799;UMUARAMA;PR;5957.02;31/07/2026 18:10:48;2026-07-31 00:00:00;2026-08-06 00:00:00;12/08/2026 00:00:00;
2670;9453;CARRARO ARMAZENS GERAIS LTDA;SUP COPACOL - LOJA NOVA AURORA;76093731005907;NOVA AURORA;PR;1402.41;31/07/2026 13:46:11;2026-07-31 00:00:00;2026-08-05 00:00:00;12/08/2026 00:00:00;
2670;9456;CARRARO ARMAZENS GERAIS LTDA;ATACADAO CASCAVEL-PRES. TANCREDO NEVES;75315333017265;CASCAVEL;PR;34863.21;31/07/2026 13:51:35;2026-07-31 00:00:00;2026-08-05 00:00:00;12/08/2026 00:00:00;Confirmado.
2670;9458;CARRARO ARMAZENS GERAIS LTDA;ATACADAO S.A-TOLEDO-VILA BRASIL;93209765052508;TOLEDO;PR;10187.2;31/07/2026 13:56:26;2026-07-31 00:00:00;;12/08/2026 00:00:00;Confirmado.
2670;9457;CARRARO ARMAZENS GERAIS LTDA;ATACADAO FOZ DO IGUACU-NELSON DA CUNHA;75315333017850;FOZ DO IGUAÇU;PR;9896.85;31/07/2026 13:51:38;2026-07-31 00:00:00;2026-08-05 00:00:00;12/08/2026 00:00:00;Confirmado.
2675;9438;TRANSPORTADORA J. LOBO LTDA;MUFFATO -  CURITIBA PINHEIRO - LOJA 70;76430438007001;CURITIBA;PR;6364.1;31/07/2026 18:09:06;2026-07-31 00:00:00;;12/08/2026 00:00:00;ENTREGUE, PENDENTE CANHOTO
2675;9443;TRANSPORTADORA J. LOBO LTDA;SUPER MUFFATO;76430438007699;CURITIBA;PR;10833.15;31/07/2026 18:08:31;2026-07-31 00:00:00;;12/08/2026 00:00:00;Confirmado. Enviado comprovante ao OPL
2672;9466;CARRARO ARMAZENS GERAIS LTDA;ATACADAO -LONDRINA- BAIRRO IDEAL;75315333017184;LONDRINA;PR;30401.53;31/07/2026 13:51:31;2026-07-31 00:00:00;;12/08/2026 00:00:00;Confirmado.
2672;9476;CARRARO ARMAZENS GERAIS LTDA;MUFFATO - ROLANDIA LOJA 93;76430438009390;ROLÂNDIA;PR;8210.24;31/07/2026 18:05:57;2026-07-31 00:00:00;;12/08/2026 00:00:00;
2672;9481;CARRARO ARMAZENS GERAIS LTDA;SANCHES E VECCHIATE LTDA BOX ATACADISTA;03644587000402;ARAPONGAS;PR;597.42;30/07/2026 14:51:16;2026-07-31 00:00:00;;12/08/2026 00:00:00;
2672;9469;CARRARO ARMAZENS GERAIS LTDA;53.858.601 MARIA ROSA RIBEIRO GOMES REDO;53852601000199;CAMBÉ;PR;670.05;30/07/2026 17:09:31;2026-07-31 00:00:00;;12/08/2026 00:00:00;Em transito. Chega 05/08
2672;9478;CARRARO ARMAZENS GERAIS LTDA;SANCHES E VECCHIATE - APUCARANA - LJ 9;03644587000755;APUCARANA;PR;6539.75;30/07/2026 13:47:28;2026-07-31 00:00:00;;12/08/2026 00:00:00;
2672;9479;CARRARO ARMAZENS GERAIS LTDA;SANCHES E VECCHIATE - ARAPONGAS LJ 2;03644587000240;ARAPONGAS;PR;3463.24;30/07/2026 13:47:36;2026-07-31 00:00:00;;12/08/2026 00:00:00;
2672;9464;CARRARO ARMAZENS GERAIS LTDA;F H CONCULIM LTDA;10732024000199;ROLÂNDIA;PR;719.85;30/07/2026 13:25:45;2026-07-31 00:00:00;;12/08/2026 00:00:00;
2672;9465;CARRARO ARMAZENS GERAIS LTDA;F H CONCULIM LTDA;10732024000199;ROLÂNDIA;PR;67.85;30/07/2026 13:25:25;2026-07-31 00:00:00;;12/08/2026 00:00:00;
2672;9470;CARRARO ARMAZENS GERAIS LTDA;BOX ATACADISTA;03644587000836;STO ANTONIO PLATINA;PR;5104.65;30/07/2026 13:47:32;2026-07-31 00:00:00;;12/08/2026 00:00:00;
2672;9480;CARRARO ARMAZENS GERAIS LTDA;SANCHES E VECCHIATE - CORNELIO LJ 4;03644587000674;CORNÉLIO PROCÓPIO;PR;5273.43;30/07/2026 13:47:24;2026-07-31 00:00:00;;12/08/2026 00:00:00;
2672;9477;CARRARO ARMAZENS GERAIS LTDA;MUFFATO -LONDRINA AM DEOLINDO GARLA LJ74;76430438007427;LONDRINA;PR;7669.65;31/07/2026 18:06:02;2026-07-31 00:00:00;;12/08/2026 00:00:00;
2691;9520;CARRARO ARMAZENS GERAIS LTDA;SUP. COPACOL - LOJA JOTAESSE;76093731005826;TUPASSI;PR;695.14;10/08/2026 13:04:59;2026-08-10 00:00:00;;12/08/2026 00:00:00;
2671;9448;CARRARO ARMAZENS GERAIS LTDA;MUFFATO  - MEDIANEIRA LJ 112;76430438011297;MEDIANEIRA;PR;12823.4;31/07/2026 18:15:05;2026-07-31 00:00:00;;13/08/2026 00:00:00;
2673;9496;CARRARO ARMAZENS GERAIS LTDA;SANCHES E VECCHIATE LTDA - BOX ATAC;03644587001565;FAXINAL;PR;3974.12;30/07/2026 13:47:21;2026-07-31 00:00:00;2026-08-06 00:00:00;13/08/2026 00:00:00;
2631;9331;CARRARO ARMAZENS GERAIS LTDA;PEDRO MUFFATO & CIA LTDA;81433765002403;IBIPORÃ;PR;9066.27;17/07/2026 16:55:52;2026-07-21 00:00:00;;13/08/2026 00:00:00;
2670;9483;CARRARO ARMAZENS GERAIS LTDA;MERCADO GORRIZ;10546441000147;IGUATU;PR;924.8;30/07/2026 17:12:56;2026-07-31 00:00:00;2026-08-05 00:00:00;13/08/2026 00:00:00;
2672;9473;CARRARO ARMAZENS GERAIS LTDA;IRMAOS MUFFATO S.A-LONDRINA LJ123;76430438012340;LONDRINA;PR;5665.03;31/07/2026 18:06:11;2026-07-31 00:00:00;;13/08/2026 00:00:00;Solicitando antecipação de agenda.
2672;9482;CARRARO ARMAZENS GERAIS LTDA;SUPER MUFFATO - CAMBE LOJA 59;76430438005998;CAMBÉ;PR;5412.07;31/07/2026 18:06:21;2026-07-31 00:00:00;;13/08/2026 00:00:00;Em transito. Chega 05/08
2674;9426;CARRARO ARMAZENS GERAIS LTDA;IRMAOS MUFFATO - PTA GROSSA OFICINAS 146;76430438014636;PONTA GROSSA;PR;6341.8;31/07/2026 18:12:43;2026-07-31 00:00:00;2026-08-03 00:00:00;13/08/2026 00:00:00;
2674;9431;CARRARO ARMAZENS GERAIS LTDA;MUFFATO-C LARGO - LOJA 113;76430438011378;CAMPO LARGO;PR;6253.89;31/07/2026 18:13:01;2026-07-31 00:00:00;2026-08-03 00:00:00;13/08/2026 00:00:00;
2671;9447;CARRARO ARMAZENS GERAIS LTDA;IRMAOS MUFFATO S.A - LOJA 144;76430438014474;FOZ DO IGUAÇU;PR;4566.02;31/07/2026 18:10:39;2026-07-31 00:00:00;;14/08/2026 00:00:00;Solicitando antecipação de agenda.
2675;9436;TRANSPORTADORA J. LOBO LTDA;MUFFATO  - FCO BELTRAO LJ 109;76430438010991;FRANCISCO BELTRÃO;PR;3537.38;31/07/2026 18:14:37;2026-07-31 00:00:00;;14/08/2026 00:00:00;Confirmado. Enviado comprovante ao OPL (verificando antecipação de agenda)
2673;9492;CARRARO ARMAZENS GERAIS LTDA;IRMAOS MUFFATO E CIA -CIANORTE LJ 114;76430438011459;CIANORTE;PR;16124.76;31/07/2026 18:11:27;2026-07-31 00:00:00;2026-08-06 00:00:00;19/08/2026 00:00:00;Solicitando antecipação de agenda.
2672;9471;CARRARO ARMAZENS GERAIS LTDA;IRMAO MUFFATO E CIA LTDA-APUCARANA LJ60;76430438006021;APUCARANA;PR;7173;31/07/2026 18:05:44;2026-07-31 00:00:00;;19/08/2026 00:00:00;Solicitando antecipação de agenda.
2672;9475;CARRARO ARMAZENS GERAIS LTDA;MUFFATO - LJ110 - CAMBÉ;76430438011025;CAMBÉ;PR;5536.8;31/07/2026 18:05:35;2026-07-31 00:00:00;;20/08/2026 00:00:00;Solicitando antecipação de agenda.
2672;9474;CARRARO ARMAZENS GERAIS LTDA;MUFFATO -  LONDRINA - LOJA 37;76430438003782;LONDRINA;PR;3949.76;31/07/2026 18:05:41;2026-07-31 00:00:00;;20/08/2026 00:00:00;Solicitando antecipação de agenda.
2674;9427;CARRARO ARMAZENS GERAIS LTDA;IRMAOS MUFFATO S.A;76430438015284;CASTRO;PR;6292.63;31/07/2026 18:12:51;2026-07-31 00:00:00;2026-08-03 00:00:00;20/08/2026 00:00:00;Solicitando antecipação de agenda.
2672;9472;CARRARO ARMAZENS GERAIS LTDA;IRMAOS MUFFATO CIA LTDA;76430438008580;ARAPONGAS;PR;2479.9;31/07/2026 18:05:38;2026-07-31 00:00:00;;21/08/2026 00:00:00;Solicitando antecipação de agenda.
2671;9449;CARRARO ARMAZENS GERAIS LTDA;MUFFATO -  FOZ DO IGUACU - LOJA 25;76430438002549;FOZ DO IGUAÇU;PR;7012.52;31/07/2026 18:11:16;2026-07-31 00:00:00;;24/08/2026 00:00:00;Solicitando antecipação de agenda.
2671;9450;CARRARO ARMAZENS GERAIS LTDA;MUFFATO - FOZ DO IGUACU - LOJA 86;76430438008660;FOZ DO IGUAÇU;PR;10420.59;31/07/2026 19:27:27;2026-07-31 00:00:00;;25/08/2026 00:00:00;Solicitando antecipação de agenda.
2670;9461;CARRARO ARMAZENS GERAIS LTDA;MUFFATO - CASCAVEL - LOJA 66;76430438006617;CASCAVEL;PR;2181.44;31/07/2026 18:11:23;2026-07-31 00:00:00;2026-08-05 00:00:00;25/08/2026 00:00:00;Solicitando antecipação de agenda.
2675;9442;TRANSPORTADORA J. LOBO LTDA;MUFFATO & CIA LTDA-CURITIBA LJ 122;76430438012269;CURITIBA;PR;8531.96;31/07/2026 18:08:27;2026-07-31 00:00:00;;26/08/2026 00:00:00;Solicitando antecipação de agenda.
2675;9439;TRANSPORTADORA J. LOBO LTDA;MUFFATO - ARAUCARIA - LOJA 91;76430438009128;ARAUCÁRIA;PR;3505.95;31/07/2026 18:18:13;2026-07-31 00:00:00;;26/08/2026 00:00:00;Solicitando antecipação de agenda.
2671;9452;CARRARO ARMAZENS GERAIS LTDA;MUFFATO M.AL CANDIDO RONDON LJ 120;76430438012005;M.AL CANDIDO RONDON;PR;6551.05;31/07/2026 18:10:56;2026-07-31 00:00:00;;27/08/2026 00:00:00;Solicitando antecipação de agenda.
2671;9451;CARRARO ARMAZENS GERAIS LTDA;MUFFATO - TOLEDO LOJA 102;76430438010215;TOLEDO;PR;9503.89;31/07/2026 18:11:30;2026-07-31 00:00:00;;28/08/2026 00:00:00;Solicitando antecipação de agenda.
2675;9441;TRANSPORTADORA J. LOBO LTDA;MUFFATO - FAZENDA RIO GRANDE - LOJA 90;76430438009047;FAZENDA RIO GRANDE;PR;6318.4;31/07/2026 19:27:18;2026-07-31 00:00:00;;31/08/2026 00:00:00;Solicitando antecipação de agenda.
2670;9462;CARRARO ARMAZENS GERAIS LTDA;MUFFATO -CASCAVEL - LOJA 94;76430438009470;CASCAVEL;PR;12068.69;31/07/2026 18:10:53;2026-07-31 00:00:00;2026-08-05 00:00:00;08/09/2026 00:00:00;Solicitando antecipação de agenda.
2675;9437;TRANSPORTADORA J. LOBO LTDA;MUFFATO  - SAO JOSE DOS PINHAIS  LOJA 79;76430438007931;SAO JOSE DOS PINHAIS;PR;4416.8;31/07/2026 18:13:10;2026-07-31 00:00:00;;08/09/2026 00:00:00;Confirmado. Enviado comprovante ao OPL
;;;;;;;753353.5700000003;;;;;
